{"cameraMode":{"drawMode":0,"name":"Shaded","section":"Shading Mode"},"sceneLighting":false,"audioPlay":false,"sceneViewState":{"showFog":true,"showMaterialUpdate":true,"showSkybox":false,"showFlares":true,"showImageEffects":true,"showParticleSystems":true},"in2DMode":false,"pivot":{"x":-2.654224395751953,"y":-0.06666117906570435,"z":-7.663153171539307},"rotation":{"x":0.13525457680225373,"y":-0.7901190519332886,"z":0.1883358508348465,"w":0.5674135684967041},"size":2.062912702560425,"orthographic":false}