{"cameraMode":{"drawMode":0,"name":"Shaded","section":"Shading Mode"},"sceneLighting":false,"audioPlay":false,"sceneViewState":{"showFog":false,"showMaterialUpdate":false,"showSkybox":false,"showFlares":false,"showImageEffects":false,"showParticleSystems":false},"in2DMode":false,"pivot":{"x":1.6279807090759278,"y":0.24327433109283448,"z":-0.5918959379196167},"rotation":{"x":0.31043410301208498,"y":-0.03706081211566925,"z":0.012113089673221112,"w":0.9497957825660706},"size":0.9678615927696228,"orthographic":false}