{"cameraMode":{"drawMode":0,"name":"Shaded","section":"Shading Mode"},"sceneLighting":false,"audioPlay":false,"sceneViewState":{"showFog":true,"showMaterialUpdate":true,"showSkybox":false,"showFlares":true,"showImageEffects":true,"showParticleSystems":true},"in2DMode":false,"pivot":{"x":-2.266035795211792,"y":0.3806954622268677,"z":-7.2444987297058109},"rotation":{"x":0.12062448263168335,"y":-0.8323861360549927,"z":0.19973121583461762,"w":0.5026928782463074},"size":1.4629127979278565,"orthographic":false}