{"cameraMode":{"drawMode":0,"name":"Shaded","section":"Shading Mode"},"sceneLighting":false,"audioPlay":false,"sceneViewState":{"showFog":false,"showMaterialUpdate":false,"showSkybox":false,"showFlares":false,"showImageEffects":false,"showParticleSystems":false},"in2DMode":false,"pivot":{"x":-1.8410321474075318,"y":-1.1883689165115357,"z":-5.236412048339844},"rotation":{"x":0.3102906048297882,"y":0.26740434765815737,"z":-0.09141328185796738,"w":0.9076709747314453},"size":4.670838832855225,"orthographic":false}