{"cameraMode":{"drawMode":0,"name":"Shaded","section":"Shading Mode"},"sceneLighting":false,"audioPlay":false,"sceneViewState":{"showFog":false,"showMaterialUpdate":false,"showSkybox":false,"showFlares":false,"showImageEffects":false,"showParticleSystems":false},"in2DMode":false,"pivot":{"x":0.10449767112731934,"y":-0.1775522232055664,"z":1.4880285263061524},"rotation":{"x":0.18427710235118867,"y":0.08245432376861572,"z":-0.015515835024416447,"w":0.9792866110801697},"size":1.884552240371704,"orthographic":false}