{"cameraMode":{"drawMode":0,"name":"Shaded","section":"Shading Mode"},"sceneLighting":false,"audioPlay":false,"sceneViewState":{"showFog":false,"showMaterialUpdate":false,"showSkybox":false,"showFlares":false,"showImageEffects":false,"showParticleSystems":false},"in2DMode":false,"pivot":{"x":-0.12456848472356796,"y":0.5882762670516968,"z":-0.13984256982803346},"rotation":{"x":0.2700008749961853,"y":0.23250973224639893,"z":-0.0673629567027092,"w":0.9319342970848084},"size":0.14741450548171998,"orthographic":false}