{"cameraMode":{"drawMode":0,"name":"Shaded","section":"Shading Mode"},"sceneLighting":false,"audioPlay":false,"sceneViewState":{"showFog":false,"showMaterialUpdate":false,"showSkybox":false,"showFlares":false,"showImageEffects":false,"showParticleSystems":false},"in2DMode":false,"pivot":{"x":0.46586453914642336,"y":-13.307733535766602,"z":10.20385456085205},"rotation":{"x":-0.38240256905555727,"y":-0.004994718823581934,"z":0.0020726334769278766,"w":-0.9239872694015503},"size":15.62962532043457,"orthographic":false}