{"cameraMode":{"drawMode":0,"name":"Shaded","section":"Shading Mode"},"sceneLighting":false,"audioPlay":false,"sceneViewState":{"showFog":false,"showMaterialUpdate":false,"showSkybox":false,"showFlares":false,"showImageEffects":false,"showParticleSystems":false},"in2DMode":false,"pivot":{"x":0.14872390031814576,"y":0.8399864435195923,"z":-5.1005859375},"rotation":{"x":8.9818946946707e-8,"y":0.6957770586013794,"z":3.2288645002154228e-7,"w":0.7182589769363403},"size":0.6438755989074707,"orthographic":true}