{"cameraMode":{"drawMode":0,"name":"Shaded","section":"Shading Mode"},"sceneLighting":false,"audioPlay":false,"sceneViewState":{"showFog":false,"showMaterialUpdate":false,"showSkybox":false,"showFlares":false,"showImageEffects":false,"showParticleSystems":false},"in2DMode":false,"pivot":{"x":-0.33895111083984377,"y":-0.20645952224731446,"z":0.971470832824707},"rotation":{"x":0.23831462860107423,"y":-0.4634697735309601,"z":0.13096673786640168,"w":0.8433576822280884},"size":4.033012390136719,"orthographic":false}