{"cameraMode":{"drawMode":0,"name":"Shaded","section":"Shading Mode"},"sceneLighting":false,"audioPlay":false,"sceneViewState":{"showFog":false,"showMaterialUpdate":false,"showSkybox":false,"showFlares":false,"showImageEffects":false,"showParticleSystems":false},"in2DMode":false,"pivot":{"x":-0.3288395404815674,"y":-0.45479702949523928,"z":0.18624234199523927},"rotation":{"x":0.2665269374847412,"y":-0.3136116564273834,"z":0.09218636155128479,"w":0.9067057371139526},"size":2.4073948860168459,"orthographic":false}