{"cameraMode":{"drawMode":0,"name":"Shaded","section":"Shading Mode"},"sceneLighting":false,"audioPlay":false,"sceneViewState":{"showFog":false,"showMaterialUpdate":false,"showSkybox":false,"showFlares":false,"showImageEffects":false,"showParticleSystems":false},"in2DMode":false,"pivot":{"x":1.1951394081115723,"y":-0.335482120513916,"z":1.4813923835754395},"rotation":{"x":0.2665269374847412,"y":-0.3136116564273834,"z":0.09218636155128479,"w":0.9067057371139526},"size":5.107395172119141,"orthographic":false}