{"cameraMode":{"drawMode":0,"name":"Shaded","section":"Shading Mode"},"sceneLighting":false,"audioPlay":false,"sceneViewState":{"showFog":true,"showMaterialUpdate":true,"showSkybox":false,"showFlares":true,"showImageEffects":true,"showParticleSystems":true},"in2DMode":false,"pivot":{"x":-3.1049675941467287,"y":-0.6699708700180054,"z":-6.569227695465088},"rotation":{"x":0.29937517642974856,"y":-0.5098905563354492,"z":0.1950729936361313,"w":0.7825198173522949},"size":1.649728536605835,"orthographic":false}