{"cameraMode":{"drawMode":0,"name":"Shaded","section":"Shading Mode"},"sceneLighting":false,"audioPlay":false,"sceneViewState":{"showFog":false,"showMaterialUpdate":false,"showSkybox":false,"showFlares":false,"showImageEffects":false,"showParticleSystems":false},"in2DMode":false,"pivot":{"x":0.17120361328125,"y":0.64935302734375,"z":0.19091796875},"rotation":{"x":0.19219931960105897,"y":0.030906707048416139,"z":-0.006056395824998617,"w":0.9808505773544312},"size":1.4528324604034424,"orthographic":true}