{"cameraMode":{"drawMode":0,"name":"Shaded","section":"Shading Mode"},"sceneLighting":false,"audioPlay":false,"sceneViewState":{"showFog":true,"showMaterialUpdate":true,"showSkybox":false,"showFlares":true,"showImageEffects":true,"showParticleSystems":true},"in2DMode":false,"pivot":{"x":3.4025135040283205,"y":-8.844991683959961,"z":47.81635284423828},"rotation":{"x":0.22154146432876588,"y":-0.5841845273971558,"z":0.16981950402259828,"w":0.7621109485626221},"size":15.961779594421387,"orthographic":false}