{"cameraMode":{"drawMode":0,"name":"Shaded","section":"Shading Mode"},"sceneLighting":true,"audioPlay":false,"sceneViewState":{"showFog":true,"showMaterialUpdate":true,"showSkybox":true,"showFlares":true,"showImageEffects":true,"showParticleSystems":true},"in2DMode":false,"pivot":{"x":0.25906461477279665,"y":-0.4980034828186035,"z":-3.1176576614379885},"rotation":{"x":0.350838840007782,"y":-0.012641034089028836,"z":0.004736417904496193,"w":0.9363415241241455},"size":5.822680473327637,"orthographic":false}