{"cameraMode":{"drawMode":0,"name":"Shaded","section":"Shading Mode"},"sceneLighting":true,"audioPlay":false,"sceneViewState":{"showFog":true,"showMaterialUpdate":true,"showSkybox":true,"showFlares":true,"showImageEffects":true,"showParticleSystems":true},"in2DMode":false,"pivot":{"x":1.032895565032959,"y":1.4773502349853516,"z":-1.6727838516235352},"rotation":{"x":0.2952517569065094,"y":-0.15531407296657563,"z":0.04870818927884102,"w":0.9414532780647278},"size":8.398130416870118,"orthographic":false}