{"cameraMode":{"drawMode":0,"name":"Shaded","section":"Shading Mode"},"sceneLighting":false,"audioPlay":false,"sceneViewState":{"showFog":true,"showMaterialUpdate":true,"showSkybox":false,"showFlares":true,"showImageEffects":true,"showParticleSystems":true},"in2DMode":false,"pivot":{"x":-4.062007427215576,"y":-1.2890433073043824,"z":-1.6463894844055176},"rotation":{"x":0.2673298120498657,"y":0.07650726288557053,"z":-0.021297607570886613,"w":0.9603270292282105},"size":3.1019275188446047,"orthographic":false}