{"cameraMode":{"drawMode":0,"name":"Shaded","section":"Shading Mode"},"sceneLighting":false,"audioPlay":false,"sceneViewState":{"showFog":true,"showMaterialUpdate":true,"showSkybox":false,"showFlares":true,"showImageEffects":true,"showParticleSystems":true},"in2DMode":false,"pivot":{"x":3.693546772003174,"y":-2.7760093212127687,"z":-7.666992664337158},"rotation":{"x":-0.29314008355140688,"y":-0.6951357126235962,"z":0.3814692795276642,"w":-0.5341755151748657},"size":2.6498255729675295,"orthographic":false}