{"cameraMode":{"drawMode":0,"name":"Shaded","section":"Shading Mode"},"sceneLighting":false,"audioPlay":false,"sceneViewState":{"showFog":true,"showMaterialUpdate":true,"showSkybox":false,"showFlares":true,"showImageEffects":true,"showParticleSystems":true},"in2DMode":false,"pivot":{"x":-2.3516550064086916,"y":-0.13062816858291627,"z":-6.248075008392334},"rotation":{"x":0.3936478793621063,"y":0.039969153702259067,"z":-0.017131851986050607,"w":0.918236494064331},"size":0.6971285343170166,"orthographic":false}