{"cameraMode":{"drawMode":0,"name":"Shaded","section":"Shading Mode"},"sceneLighting":false,"audioPlay":false,"sceneViewState":{"showFog":false,"showMaterialUpdate":false,"showSkybox":false,"showFlares":false,"showImageEffects":false,"showParticleSystems":false},"in2DMode":false,"pivot":{"x":0.14872390031814576,"y":0.8399864435195923,"z":-5.1005859375},"rotation":{"x":-0.006464147474616766,"y":0.6957489848136902,"z":0.006262246519327164,"w":0.7182297110557556},"size":0.6438755989074707,"orthographic":true}