{"cameraMode":{"drawMode":0,"name":"Shaded","section":"Shading Mode"},"sceneLighting":false,"audioPlay":false,"sceneViewState":{"showFog":false,"showMaterialUpdate":false,"showSkybox":false,"showFlares":false,"showImageEffects":false,"showParticleSystems":false},"in2DMode":false,"pivot":{"x":0.8718042373657227,"y":-11.248931884765625,"z":8.6954345703125},"rotation":{"x":-0.3272091746330261,"y":-0.18074537813663484,"z":0.06391952186822891,"w":-0.9253076910972595},"size":46.770503997802737,"orthographic":false}