{"cameraMode":{"drawMode":0,"name":"Shaded","section":"Shading Mode"},"sceneLighting":false,"audioPlay":false,"sceneViewState":{"showFog":true,"showMaterialUpdate":true,"showSkybox":false,"showFlares":true,"showImageEffects":true,"showParticleSystems":true},"in2DMode":false,"pivot":{"x":-5.3474626541137699,"y":-1.694230318069458,"z":-6.59843111038208},"rotation":{"x":0.16485841572284699,"y":-0.7125508189201355,"z":0.1784481257200241,"w":0.6582320332527161},"size":3.1524457931518556,"orthographic":false}