{"cameraMode":{"drawMode":0,"name":"Shaded","section":"Shading Mode"},"sceneLighting":false,"audioPlay":false,"sceneViewState":{"showFog":false,"showMaterialUpdate":false,"showSkybox":false,"showFlares":false,"showImageEffects":false,"showParticleSystems":false},"in2DMode":false,"pivot":{"x":-0.234619140625,"y":-0.227203369140625,"z":-6.9889984130859379},"rotation":{"x":0.14900442957878114,"y":0.447390615940094,"z":-0.07587739825248718,"w":0.878574013710022},"size":1.8271807432174683,"orthographic":true}