{"cameraMode":{"drawMode":0,"name":"Shaded","section":"Shading Mode"},"sceneLighting":false,"audioPlay":false,"sceneViewState":{"showFog":false,"showMaterialUpdate":false,"showSkybox":false,"showFlares":false,"showImageEffects":false,"showParticleSystems":false},"in2DMode":false,"pivot":{"x":-0.240325927734375,"y":0.4737548828125,"z":-1.243408203125},"rotation":{"x":0.10971338301897049,"y":-0.09081626683473587,"z":0.010066358372569085,"w":0.989756166934967},"size":2.537254571914673,"orthographic":true}